{
  "project_info": {
    "project_number": "1035322171509",
    "project_id": "dooop-69a1b",
    "storage_bucket": "dooop-69a1b.firebasestorage.app"
  },
  "client": [
    {
      "client_info": {
        "mobilesdk_app_id": "1:1035322171509:android:20d618bad78a7978a2983c",
        "android_client_info": {
          "package_name": "com.poop.dooopA"
        }
      },
      "oauth_client": [],
      "api_key": [
        {
          "current_key": "AIzaSyCSN9yq8dyBupYYeEas5tcNhntz42qvBsU"
        }
      ],
      "services": {
        "appinvite_service": {
          "other_platform_oauth_client": []
        }
      }
    }
  ],
  "configuration_version": "1"
}